{"test_accuracy":[0.0972,0.9352,0.9638,0.9704,0.9747,0.9785,0.9803,0.9826,0.9836,0.985,0.9855,0.9854,0.986,0.9859,0.9869,0.986,0.9871,0.9885,0.9879,0.989,0.9898],"test_loss":[2.308452527999878,0.2982202975273132,0.11948836207389832,0.10159083526134491,0.08020742290019989,0.07171555236577988,0.06470060977339745,0.0606497023165226,0.055294917380809785,0.05145939650535584,0.049230892711877826,0.04618941378593445,0.04436946983039379,0.04387292105555534,0.042747660219669345,0.043357183814048766,0.03963491903170943,0.03780430873036385,0.03631998925209046,0.035536013531684875,0.03437431272864342],"train_accuracy_dist":[0.99375,0.9854166666666667,0.9916666666666667,0.99375,0.9979166666666667,0.9916666666666667,0.9895833333333334,0.9895833333333334,0.99375,0.9854166666666667,0.9979166666666667,0.9875,0.9875,0.9916666666666667,0.9833333333333333,0.9875,0.9916666666666667,0.9895833333333334,0.9854166666666667,0.9895833333333334,0.9916666666666667,0.99375,0.99375,0.98125,0.9854166666666667,0.9916666666666667,0.9875,0.9875,0.9916666666666667,0.9895833333333334,1.0,0.9875,0.9916666666666667,0.9979166666666667,0.9916666666666667,0.9875,0.99375,0.9916666666666667,0.9916666666666667,0.9916666666666667,0.9979166666666667,0.98125,0.9875,0.9895833333333334,0.9833333333333333,0.99375,0.9958333333333333,0.9875,0.9833333333333333,0.9875,0.9916666666666667,0.99375,0.9916666666666667,0.9979166666666667,0.9916666666666667,0.9666666666666667,0.9916666666666667,0.9895833333333334,0.99375,0.9854166666666667,0.9916666666666667,0.9895833333333334,0.9833333333333333,0.9875,0.9895833333333334,0.9979166666666667,0.9979166666666667,0.9916666666666667,0.9854166666666667,0.9895833333333334,0.9895833333333334,1.0,0.9854166666666667,0.9875,0.9895833333333334,0.99375,0.9854166666666667,0.9895833333333334,0.9770833333333333,0.9833333333333333,0.9916666666666667,0.9916666666666667,0.9895833333333334,0.9854166666666667,0.9895833333333334,0.9958333333333333,0.9833333333333333,0.9895833333333334,0.9875,0.9895833333333334,0.9854166666666667,0.9916666666666667,0.9895833333333334,0.9875,0.9791666666666666,0.9958333333333333,0.99375,0.99375,0.9916666666666667,0.9791666666666666],"train_accuracy":[0.09491666666666666,0.9308125,0.9593541666666666,0.9699583333333334,0.9746458333333333,0.9778333333333333,0.9794375,0.9813541666666666,0.9824791666666667,0.983125,0.9839166666666667,0.9852083333333334,0.9858541666666667,0.9866458333333333,0.9867083333333333,0.9870833333333333,0.9880416666666667,0.989,0.9889583333333334,0.9896666666666667,0.9897083333333333],"train_loss_dist":[0.024977823719382286,0.06966681033372879,0.02329525537788868,0.014835109002888203,0.006840957794338465,0.026284223422408104,0.02457439713180065,0.040370967239141464,0.018285805359482765,0.030197404325008392,0.009048537351191044,0.035134341567754745,0.01631161756813526,0.021942300722002983,0.057148728519678116,0.03862011432647705,0.027035830542445183,0.029380623251199722,0.048403795808553696,0.02753608673810959,0.023851245641708374,0.038878899067640305,0.015083380974829197,0.0463116392493248,0.044878873974084854,0.01598125323653221,0.032378558069467545,0.031947750598192215,0.020520078018307686,0.022665146738290787,0.0045385113917291164,0.04361053928732872,0.03703664243221283,0.010810505598783493,0.04224695265293121,0.06602196395397186,0.011669597588479519,0.033624302595853806,0.03136125206947327,0.033244337886571884,0.012210516259074211,0.07938039302825928,0.06382965296506882,0.03011166863143444,0.0661340206861496,0.018273765221238136,0.011989222839474678,0.04270679131150246,0.060726650059223175,0.04023708403110504,0.033858709037303925,0.013112102635204792,0.02528231032192707,0.009782245382666588,0.02108754590153694,0.09262220561504364,0.035779919475317,0.04056892544031143,0.014497811906039715,0.07946867495775223,0.024863524362444878,0.036827873438596725,0.05572504922747612,0.0490652397274971,0.03478724882006645,0.005828405264765024,0.009774044156074524,0.0267185028642416,0.04483611136674881,0.038618095219135284,0.05033654347062111,0.006233972497284412,0.0371515117585659,0.04063327610492706,0.023402046412229538,0.03607028350234032,0.033567097038030624,0.019301043823361397,0.06940409541130066,0.06704501062631607,0.03269551321864128,0.02547670528292656,0.0661407858133316,0.047538354992866516,0.04286564514040947,0.014497105032205582,0.045680463314056396,0.022309860214591026,0.0425560362637043,0.04385748878121376,0.042716220021247864,0.024398159235715866,0.0434725247323513,0.040878649801015854,0.07123731076717377,0.015537460334599018,0.012085712514817715,0.027670057490468025,0.027989860624074936,0.0589887909591198],"train_loss":[2.3092437839508055,0.31715307652950286,0.13166617311537265,0.10833005275577307,0.0865996514260769,0.08030626259744167,0.07076864033937454,0.06839053536765277,0.061595399901270866,0.058845209926366805,0.054538985677063466,0.05097430466674268,0.047795294458046554,0.046174639211967586,0.04362000240478665,0.04398200835101306,0.04031757176853716,0.0381407658662647,0.03583673804532737,0.03501387672265992,0.03446994056459516],"valid_accuracy_dist":[0.9833333333333333,1.0,1.0,0.9916666666666667,0.975,1.0,1.0,1.0,0.9833333333333333,0.9833333333333333,1.0,0.9916666666666667,0.9583333333333334,0.9583333333333334,0.975,0.9916666666666667,0.9833333333333333,1.0,0.9833333333333333,0.9916666666666667,1.0,0.9916666666666667,0.975,0.975,0.975,1.0,1.0,0.975,1.0,1.0,1.0,0.9833333333333333,0.9916666666666667,0.9666666666666667,0.9833333333333333,1.0,0.9916666666666667,0.9833333333333333,1.0,1.0,0.9833333333333333,0.9666666666666667,0.9916666666666667,0.9833333333333333,0.9833333333333333,1.0,0.9916666666666667,1.0,0.9583333333333334,0.9833333333333333,0.9833333333333333,0.975,1.0,0.9916666666666667,0.9916666666666667,0.975,0.9833333333333333,0.9916666666666667,0.975,0.9833333333333333,1.0,1.0,0.975,1.0,0.975,1.0,0.9833333333333333,0.9916666666666667,0.9916666666666667,0.9833333333333333,1.0,0.9916666666666667,0.9916666666666667,0.975,0.9916666666666667,0.9833333333333333,0.9833333333333333,0.975,0.9833333333333333,0.975,0.9916666666666667,1.0,0.975,0.975,0.9666666666666667,0.9916666666666667,0.9833333333333333,0.975,1.0,0.9833333333333333,0.975,0.9833333333333333,0.9833333333333333,1.0,0.9833333333333333,0.9833333333333333,1.0,1.0,1.0,1.0],"valid_accuracy":[0.09383333333333334,0.9311666666666667,0.9619166666666666,0.9705833333333334,0.974,0.9771666666666666,0.9783333333333334,0.97975,0.9813333333333333,0.98175,0.9830833333333333,0.983,0.9846666666666667,0.98475,0.9848333333333333,0.9855833333333334,0.986,0.9875833333333334,0.9873333333333333,0.9871666666666666,0.9873333333333333],"mean_valid_accuracy":[0.09383333333333331,0.9311666666666666,0.9619166666666665,0.9705833333333332,0.9739999999999999,0.9771666666666665,0.9783333333333332,0.9797499999999998,0.9813333333333333,0.9817499999999997,0.983083333333333,0.9829999999999999,0.9846666666666666,0.9847499999999999,0.9848333333333333,0.9855833333333333,0.9859999999999998,0.9875833333333334,0.9873333333333332,0.9871666666666665,0.9873333333333332],"std_valid_accuracy":[0.027401845031149105,0.024822145130687003,0.017450525302504027,0.015159109839008058,0.014399074044303444,0.01331352695569435,0.013176156917368252,0.013957027302083752,0.013287420951996502,0.013265190453882596,0.01314740151766374,0.013790093062291741,0.012840906856172157,0.011669940016983814,0.011689263830065995,0.0114779377745114,0.012069244660154459,0.011516594307539214,0.010959521481849073,0.0110817668065862,0.011085526098877268],