{"test_accuracy":[0.325113970799247,0.8816547579131677],"test_sensitivity":[0.7448283031345432,0.0],"test_specificity":[0.26877310996582854,0.9999999999771908],"test_jaccard_similarity":[0.11348998508327858,0.0],"test_Dice":[0.1957671512939389,0.0],"test_AUC":[0.5023039656482474,0.9118993679940062],"test_HD95":[136.67351785224596,-1],"test_loss":[0.6950816589963419,0.5482388238056303],"train_accuracy_dist":[0.8754769453387198,0.879475693203803,0.8733327887183355,0.8782418952839439,0.8744098504182829,0.8796984317407743,0.8850216127941533,0.8829892325930312,0.8788020042514033,0.8854906017995879],"train_accuracy":[0.326421973118251,0.8793532639255672],"train_sensitivity_dist":[0.0,0.0,0.0,0.0,0.0,0.0,0.0,0.0,0.0,0.0],"train_sensitivity":[0.7442349197806379,0.0],"train_specificity_dist":[0.9999999999770491,0.9999999999770278,0.9999999999769434,0.9999999999770489,0.9999999999769161,0.9999999999769253,0.9999999999770165,0.9999999999769916,0.9999999999770469,0.9999999999772627],"train_specificity":[0.269061505431631,0.9999999999770296],"train_jaccard_similarity_dist":[0.0,0.0,0.0,0.0,0.0,0.0,0.0,0.0,0.0,0.0],"train_jaccard_similarity":[0.11497099463423303,0.0],"train_Dice_dist":[0.0,0.0,0.0,0.0,0.0,0.0,0.0,0.0,0.0,0.0],"train_Dice":[0.19629140265985007,0.0],"train_AUC_dist":[0.9003501292585419,0.8955851032045964,0.9044614890136464,0.9030085729363669,0.9073102284621161,0.8987601073518008,0.9063627890331184,0.9093797026379673,0.9118833597066046,0.9081551049953135],"train_AUC":[0.5021883253492385,0.904435174096753],"train_HD95_dist":[-1,-1,-1,-1,-1,-1,-1,-1,-1,-1],"train_HD95":[136.11099352783089,-1.0],"train_loss_dist":[0.5827025872198449,0.5625245171227805,0.5902410006547212,0.5673794860754948,0.5830831174159563,0.5661893716744435,0.5368419543702018,0.5490499640775766,0.56565735276959,0.53998581957254],"train_loss":[0.6950706783535392,0.5643807497628994],"valid_accuracy_dist":[0.8703015132751544,0.8674843312428703,0.8769322892334506,0.8862143350467208,0.8741036593034505,0.9000978095385761,0.8732900191152484,0.8775988520233257,0.8749089121609908,0.889097045050308],"valid_accuracy":[0.3263147973887326,0.8795782331107983],"mean_valid_accuracy":[0.32658897677666654,0.8790028765990094],"std_valid_accuracy":[0.004796256138308067,0.009417761988988697],"valid_sensitivity_dist":[0.0,0.0,0.0,0.0,0.0,0.0,0.0,0.0,0.0,0.0],"valid_sensitivity":[0.7440574247584326,0.0],"mean_valid_sensitivity":[0.7440871783189793,0.0],"std_valid_sensitivity":[0.0008976751230130953,0.0],"valid_specificity_dist":[0.9999999999769089,0.9999999999767188,0.9999999999770396,0.9999999999772927,0.9999999999769368,0.9999999999774831,0.9999999999767217,0.9999999999769013,0.9999999999769184,0.999999999977314],"valid_specificity":[0.26905479464517124,0.9999999999770415],"mean_valid_specificity":[0.269052112518353,0.9999999999770235],"std_valid_specificity":[0.0004999401570952558,2.4473051350040094e-13],"valid_jaccard_similarity_dist":[0.0,0.0,0.0,0.0,0.0,0.0,0.0,0.0,0.0,0.0],"valid_jaccard_similarity":[0.11477563856411185,0.0],"mean_valid_jaccard_similarity":[0.11528089000357258,0.0],"std_valid_jaccard_similarity":[0.008961394696716418,0.0],"valid_Dice_dist":[0.0,0.0,0.0,0.0,0.0,0.0,0.0,0.0,0.0,0.0],"valid_Dice":[0.19606920990424434,0.0],"mean_valid_Dice":[0.19679784865966798,0.0],"std_valid_Dice":[0.01549531132421759,0.0],"valid_AUC_dist":[0.9035817278484096,0.8937936757225498,0.9035808345875801,0.8984235356760648,0.9111646104105602,0.8886186770389293,0.9103163562165127,0.9123660323476411,0.9091198758390049,0.9054034106092911],"valid_AUC":[0.502165652986998,0.903407246971377],"mean_valid_AUC":[0.5021710038633913,0.9036368736296543],"std_valid_AUC":[0.0003615630064541574,0.0074852143232413595],"valid_HD95_dist":[-1,-1,-1,-1,-1,-1,-1,-1,-1,-1],"valid_HD95":[135.53200045700265,-1.0],"mean_valid_HD95":[135.32419205194782,-1.0],"std_valid_HD95":[6.403461501251631,0.0],"valid_loss_dist":[0.6036929281494642,0.6241524674789568,0.5712195462970571,0.5278560597272146,0.5863819229690468,0.47114351101925034,0.596874511393684,0.5682102288901806,0.5826555733162333,0.5222386772926341],"valid_loss":[0.6950715679709841,0.5628549781160477],"mean_valid_loss":[0.695068660549302,0.5654425426533722],"std_valid_loss":[4.803694637427888e-5,0.04341119775049663],"meta":{"task":"covidXray_segmentation_cnum10_dist2_skew0.5_seed0","algorithm":"fedsemi","model":"unet34","pretrain":"","sample":"full","aggregate":"weighted_scale","num_rounds":1,"proportion":1.0,"learning_rate_decay":0.998,"lr_scheduler":-1,"early_stop":-1,"num_epochs":5,"num_steps":-1,"learning_rate":0.0002,"batch_size":8.0,"optimizer":"Adam","momentum":0,"weight_decay":0,"seed":0,"gpu":[1],"server_with_cpu":false,"eval_interval":1,"cross_validation":false,"train_on_all":false,"num_threads":1,"num_workers":0,"test_batch_size":1,"network_config":"ideal","computing_config":"ideal","due_active":0,"due_response":100,"algo_para":null,"logger":"seg_logger","log_level":"INFO","log_file":false,"no_log_console":false,"no_overwrite":false,"weight_contrastive":1,"num_clusters":-1,"labeledclients":[],"numlabeled":5,"aggregate_labeled":"none","agg_coefficient":0.5,"num_normimg":1,"contrastive":false}}