{"test_accuracy":[0.32510552914614244,0.8816730937496304],"test_sensitivity":[0.7448343660575564,0.0],"test_specificity":[0.2687635114669053,0.9999999999771897],"test_jaccard_similarity":[0.11348951579144743,0.0],"test_Dice":[0.1957664669176518,0.0],"test_AUC":[0.5023040010795107,0.8748181687504238],"test_HD95":[136.6468475561179,-1],"test_loss":[0.6950816605196031,0.6588766548722644],"train_accuracy_dist":[0.8754269556971628,0.8794344131199445,0.8733166478156827,0.8780108758031978,0.8744680070514715,0.8797898955026159,0.8849913489525064,0.8833142608382918,0.8789203552614794,0.8855772221831916],"train_accuracy":[0.3264346922188878,0.87938481748159],"train_sensitivity_dist":[0.0,0.0,0.0,0.0,0.0,0.0,0.0,0.0,0.0,0.0],"train_sensitivity":[0.7441807019570622,0.0],"train_specificity_dist":[0.9999999999770478,0.9999999999770256,0.9999999999769414,0.9999999999770406,0.9999999999769188,0.9999999999769297,0.9999999999770182,0.9999999999770168,0.9999999999770517,0.9999999999772657],"train_specificity":[0.26905520181948067,0.9999999999770323],"train_jaccard_similarity_dist":[0.0,0.0,0.0,0.0,0.0,0.0,0.0,0.0,0.0,0.0],"train_jaccard_similarity":[0.11500037723355115,0.0],"train_Dice_dist":[0.0,0.0,0.0,0.0,0.0,0.0,0.0,0.0,0.0,0.0],"train_Dice":[0.19632937581495422,0.0],"train_AUC_dist":[0.8613459011321009,0.8542057585368781,0.8667081749765576,0.8637699296058555,0.8707352270797014,0.8598832849722791,0.8685705142565849,0.8685961878079632,0.8750827315820549,0.8707364607875072],"train_AUC":[0.5021663259334537,0.865927639055543],"train_HD95_dist":[-1,-1,-1,-1,-1,-1,-1,-1,-1,-1],"train_HD95":[136.29951507122868,-1.0],"train_loss_dist":[0.698532287755115,0.6736437712188288,0.7083602838728138,0.6833825760086872,0.6992757303127628,0.6756311789615124,0.6444434888833375,0.657187057352944,0.6775162391443278,0.6470475745274974],"train_loss":[0.6950703922658507,0.6764325263172991],"valid_accuracy_dist":[0.8707381489065563,0.8676666981608728,0.8768266006512011,0.886245495204236,0.8740952854181823,0.9001264660640556,0.873320725842383,0.8776981823804667,0.875269333618299,0.8889067951895909],"valid_accuracy":[0.32603059803112466,0.8796724771337171],"mean_valid_accuracy":[0.3263213086305573,0.8790893731435843],"std_valid_accuracy":[0.004719997883646905,0.009328655016130524],"valid_sensitivity_dist":[0.0,0.0,0.0,0.0,0.0,0.0,0.0,0.0,0.0,0.0],"valid_sensitivity":[0.7445339267021565,0.0],"mean_valid_sensitivity":[0.7445263974951082,0.0],"std_valid_sensitivity":[0.00047721678246446386,0.0],"valid_specificity_dist":[0.9999999999769287,0.9999999999767255,0.9999999999770337,0.9999999999772975,0.9999999999769357,0.9999999999774878,0.9999999999767222,0.9999999999768979,0.9999999999769318,0.9999999999773045],"valid_specificity":[0.2687608751401959,0.9999999999770448],"mean_valid_specificity":[0.2687691988377588,0.9999999999770267],"std_valid_specificity":[0.0004193396767800802,2.4291627768751876e-13],"valid_jaccard_similarity_dist":[0.0,0.0,0.0,0.0,0.0,0.0,0.0,0.0,0.0,0.0],"valid_jaccard_similarity":[0.11471612535617873,0.0],"mean_valid_jaccard_similarity":[0.11523700230160712,0.0],"std_valid_jaccard_similarity":[0.008934480009938527,0.0],"valid_Dice_dist":[0.0,0.0,0.0,0.0,0.0,0.0,0.0,0.0,0.0,0.0],"valid_Dice":[0.19599995689209546,0.0],"mean_valid_Dice":[0.1967514908631987,0.0],"std_valid_Dice":[0.015440039660492429,0.0],"valid_AUC_dist":[0.867790064611535,0.8567742412156331,0.8633316048798765,0.8605306799364212,0.8742884791437854,0.8529327195696029,0.86908791142223,0.8801056339079413,0.8747413139329352,0.8662560309850108],"valid_AUC":[0.5022117161621374,0.8663723457923209],"mean_valid_AUC":[0.5022161853846573,0.866583867960497],"std_valid_AUC":[0.00019032642584852693,0.008039755365570675],"valid_HD95_dist":[-1,-1,-1,-1,-1,-1,-1,-1,-1,-1],"valid_HD95":[135.6525549999117,-1.0],"mean_valid_HD95":[135.3832562250957,-1.0],"std_valid_HD95":[6.224463602496781,0.0],"valid_loss_dist":[0.7211089379102142,0.7439384395503892,0.6861920934876032,0.6338489700759214,0.7035074586815694,0.5609663858370492,0.7139763445489936,0.6817323483526707,0.6983132975989245,0.6276052967463245],"valid_loss":[0.6950722459190054,0.6739460824157586],"mean_valid_loss":[0.6950692590726194,0.6771189572789661],"std_valid_loss":[4.780628093018947e-5,0.0517908303404446],"meta":{"task":"covidXray_segmentation_cnum10_dist2_skew0.5_seed0","algorithm":"fedsemi","model":"unet34","pretrain":"","sample":"full","aggregate":"weighted_scale","num_rounds":1,"proportion":1.0,"learning_rate_decay":0.998,"lr_scheduler":-1,"early_stop":-1,"num_epochs":5,"num_steps":-1,"learning_rate":0.0002,"batch_size":8.0,"optimizer":"Adam","momentum":0,"weight_decay":0,"seed":0,"gpu":[0],"server_with_cpu":false,"eval_interval":1,"cross_validation":false,"train_on_all":false,"num_threads":1,"num_workers":0,"test_batch_size":1,"network_config":"ideal","computing_config":"ideal","due_active":0,"due_response":100,"algo_para":null,"logger":"seg_logger","log_level":"INFO","log_file":false,"no_log_console":false,"no_overwrite":false,"weight_contrastive":1,"num_clusters":-1,"labeledclients":[],"numlabeled":4,"aggregate_labeled":"none","agg_coefficient":0.5,"num_normimg":1,"contrastive":false}}