{"test_accuracy":[0.9639988772692204,0.9680182359887285,0.9695429211555937,0.9702245917177956,0.9707499172052929,0.9714998189614125,0.9717090116141552,0.9712769593194536,0.9722410338320474,0.9711940707747799,0.972131641326232],"test_sensitivity":[0.7981332037814083,0.8188233520453352,0.7872907632272054,0.8175856143407119,0.8019572912764609,0.8051180728565362,0.7916124297811113,0.8113358306277348,0.8151223535279385,0.8490195763445892,0.8238650847133958],"test_specificity":[0.9777281770549354,0.9794963309129221,0.9845812325463783,0.9819739871322939,0.983949559325611,0.9850005398539472,0.9863923252691447,0.9845514676539306,0.9851460517074414,0.980376442482092,0.9842235492829086],"test_jaccard_similarity":[0.6457109110714643,0.6744833735069085,0.6744103163689068,0.6867774877560341,0.6866793825472615,0.6913527228476798,0.689609948993435,0.6945420367887369,0.6989385625869841,0.7033848136915875,0.7014302207727876],"test_Dice":[0.7491514263486008,0.7731212588803883,0.7723026649034099,0.7820545660053736,0.7810073354504853,0.7855334067730527,0.7833287209055899,0.7883413065791403,0.7912057672670407,0.7961556171982868,0.7936183138362963],"test_AUC":[0.9877509520369167,0.9899950435646515,0.9909341646541369,0.991283121457717,0.9914432864732037,0.9919286932279652,0.9921232975964402,0.9920483567714063,0.9920078227646026,0.9920345012432206,0.9921345867567773],"test_HD95":[45.09647880319788,40.037351958011044,37.038479102380286,35.69245477322787,35.08166822041301,34.66860013022541,33.99040006339878,34.08040846159027,33.34279136835659,34.55114650411151,34.12379918149626],"test_loss":[0.08649312475254566,0.07639756759296322,0.07149800773352116,0.0690964539489064,0.06841546487877691,0.06671116216230734,0.06622352667851043,0.06682085670915137,0.06560407626811526,0.06763794670966611,0.06629551525707711],"train_accuracy_dist":[0.9633084916696734,0.9684692954104521,0.9690684607478359,0.9704358982879403,0.9747676414121448,0.9748292854196355,0.9778932601491604,0.9777156353328516,0.9795482226311146,0.9774608607391544],"train_accuracy":[0.9592298752519257,0.9636181254429528,0.965978034910259,0.967398248431487,0.9685378079852661,0.9698735054200641,0.9701433136157414,0.9711613928509603,0.9721463347474659,0.9723505485248022,0.9731563101783011],"train_sensitivity_dist":[0.8017671459235483,0.772168219846809,0.8093868212952535,0.7976443188335439,0.8267922625170526,0.8176275778549987,0.834023000222937,0.8619744967046604,0.849770064652636,0.8505224294334247],"train_sensitivity":[0.7883992009199118,0.8083304108188236,0.7725674739228628,0.8059977196461929,0.7886152132346956,0.7948309498555118,0.7802718979984641,0.8041630244146248,0.8130148215423086,0.8431184436444074,0.8227507801816898],"train_specificity_dist":[0.9803499428897118,0.9834069311941785,0.9836445594435685,0.9840629726146534,0.9866319349988327,0.9843284326256015,0.9865998134582507,0.9862202701948672,0.9885116085477701,0.9876905019711405],"train_specificity":[0.9745354718133238,0.9765174698142589,0.9826401437747555,0.9803448636235068,0.9830492140969034,0.9842417810206071,0.9858574723758851,0.984934563132862,0.9850773485210694,0.981643842835855,0.985020404813596],"train_jaccard_similarity_dist":[0.6956341925036399,0.6551566207914943,0.7080443377559634,0.6958309294115894,0.7336199474938403,0.6962247027950106,0.6938852954199783,0.735749493718865,0.7372564965555856,0.7374532806590093],"train_jaccard_similarity":[0.6253665242011541,0.654195129929632,0.6561334837507421,0.672707415680992,0.6733667979406202,0.682402904754567,0.6795939417342933,0.6926322188574932,0.7007086358116213,0.7103431680284807,0.7094186832898745],"train_Dice_dist":[0.7994665627181812,0.7578647958449368,0.8031907360267162,0.7926395656816518,0.822830695619387,0.7882780230758255,0.7875751442232727,0.8266839006876936,0.8218722317793542,0.8277045869808707],"train_Dice":[0.7364665386789817,0.7599719915140446,0.7601477677182477,0.7737774216793395,0.7731014674577231,0.7810192606633444,0.7772205688317323,0.7897709435608311,0.7963688920039443,0.8049814962327719,0.8034916578549376],"train_AUC_dist":[0.9895914828203742,0.9901996797756488,0.9908884472233591,0.9914386252206452,0.9938028550406034,0.9936157182432936,0.9939319585172091,0.9946603707803053,0.9950978995780158,0.9945764827795281],"train_AUC":[0.9856885850152712,0.9882231156859255,0.9894942439078566,0.9901424887199434,0.9908053871252264,0.9913304523738938,0.9917734976392852,0.9921027270970932,0.9923868198560536,0.9926989832873807,0.9927530240829443],"train_HD95_dist":[32.77362686295501,36.398882251509995,31.031828613344757,31.9604604550642,28.958960350493925,29.205344824156036,31.62081682446986,29.998525767428248,27.272097741481545,29.762037812971492],"train_HD95":[46.63685257871062,41.396904642735535,38.5380691579652,37.0854208516081,35.494583731307664,34.5890574000656,33.62582333842727,33.159072695078464,32.322836504779765,31.7666505713937,30.823941947177893],"train_loss_dist":[0.08715106626604772,0.07546614316231955,0.07601525063339636,0.06949024213351813,0.06039625421330771,0.060042053940595086,0.05341831612124763,0.05351967899453544,0.04886118916165031,0.053854154390764644],"train_loss":[0.0974488341936321,0.08693843334375294,0.0814087744275688,0.07787750741186815,0.07536375615664274,0.07241710007825497,0.07109397897519969,0.06880950101110195,0.06651954482357285,0.06619705824698531,0.06424833596360448],"valid_accuracy_dist":[0.9596292117544166,0.9557590908130812,0.9636094583237916,0.9650908168134518,0.9676598875964754,0.9716156525286376,0.9671554645971269,0.9706567282969812,0.9722200389645266,0.9662277289494858],"valid_accuracy":[0.9580050434414933,0.9610691908282954,0.9635118588418848,0.964430735235728,0.9648812976945228,0.9657243052751314,0.9652403125636119,0.9662660635628793,0.9659896775155057,0.96600362317911,0.9659807269209627],"mean_valid_accuracy":[0.9580320725111033,0.9611462443726119,0.9635778034421014,0.9644615204115293,0.9648686781906303,0.9656627622272165,0.9652570752207785,0.9662298232596948,0.966016229112098,0.9659642736119478,0.9659624078637974],"std_valid_accuracy":[0.0049596033702045085,0.005486466970615422,0.005557703185849634,0.0054893917585381044,0.005699734128244007,0.005624370828728434,0.00533758541924713,0.005704365041356887,0.004991657132156383,0.0052512249000998875,0.004980382294033645],"valid_sensitivity_dist":[0.7965813622166724,0.7630727073664034,0.7892091361278842,0.8001300562574994,0.8361462685321469,0.7628301363624372,0.8238941895019787,0.8533761630058833,0.8098466610677343,0.8060629009870423],"valid_sensitivity":[0.78894061691847,0.7991505918381882,0.7632471319386704,0.7957715188490193,0.7736893835234097,0.7820909144507106,0.7630264397910778,0.7861630921259263,0.793047218609565,0.8276143409010374,0.8029236888663491],"mean_valid_sensitivity":[0.7894148846558094,0.7997747956741116,0.7645944640630054,0.7969110079371768,0.7748787733048434,0.7831662752371776,0.7650463170020837,0.7877758915092014,0.7944050998087964,0.8289017855082943,0.8041149581425682],"std_valid_sensitivity":[0.023909214345376156,0.02055374659976044,0.026638408924057107,0.027601147511687008,0.030563904712379453,0.0303457767788387,0.03569166014134227,0.0310305447929988,0.033243881178781486,0.03333695663991946,0.027503194253592288],"valid_specificity_dist":[0.9786748902132831,0.9737480006856396,0.9803978357207394,0.9802370411002717,0.9802663959556116,0.980502324334285,0.9787250708036143,0.9800803431864384,0.9853216121767469,0.9801005660313963],"valid_specificity":[0.9729658119097689,0.9742011662866588,0.9807602622302107,0.9780433819242494,0.9806479304850518,0.9814144029552727,0.9825710303841863,0.981472764352561,0.980801669824216,0.9768564408374242,0.9798931494718124],"mean_valid_specificity":[0.9729959114742727,0.9742260881935216,0.9807191133387393,0.977996269563792,0.980548674338823,0.981323823265362,0.9824516373507682,0.9813423436805484,0.9807383242654975,0.9767457786307187,0.9798054080208027],