{"test_accuracy":[0.32510551971412777,0.8816730937496304],"test_sensitivity":[0.7448342381356935,0.0],"test_specificity":[0.268763535836756,0.9999999999771897],"test_jaccard_similarity":[0.11348948531900584,0.0],"test_Dice":[0.19576642545854442,0.0],"test_AUC":[0.5023039996118999,0.867637282569165],"test_HD95":[136.6468475561179,-1],"test_loss":[0.6950816600118493,0.6771638973863329],"train_accuracy_dist":[0.8754269556971628,0.8794344131199445,0.8733166478156827,0.8780108758031978,0.8744680070514715,0.8797898955026159,0.8849913489525064,0.8833142608382918,0.8789203552614794,0.8855772221831916],"train_accuracy":[0.32643468873037973,0.87938481748159],"train_sensitivity_dist":[0.0,0.0,0.0,0.0,0.0,0.0,0.0,0.0,0.0,0.0],"train_sensitivity":[0.7441807393257728,0.0],"train_specificity_dist":[0.9999999999770478,0.9999999999770256,0.9999999999769414,0.9999999999770406,0.9999999999769188,0.9999999999769297,0.9999999999770182,0.9999999999770168,0.9999999999770517,0.9999999999772657],"train_specificity":[0.2690551898572008,0.9999999999770323],"train_jaccard_similarity_dist":[0.0,0.0,0.0,0.0,0.0,0.0,0.0,0.0,0.0,0.0],"train_jaccard_similarity":[0.11500038438672132,0.0],"train_Dice_dist":[0.0,0.0,0.0,0.0,0.0,0.0,0.0,0.0,0.0,0.0],"train_Dice":[0.19632938526104632,0.0],"train_AUC_dist":[0.8548759089756142,0.8474577021408433,0.8599511079608146,0.8574197268025882,0.8637346200719184,0.8535081744514819,0.8613509779277672,0.8617393951723141,0.8677029230913372,0.864070832035401],"train_AUC":[0.5021663252597978,0.8591679153718729],"train_HD95_dist":[-1,-1,-1,-1,-1,-1,-1,-1,-1,-1],"train_HD95":[136.29951507122868,-1.0],"train_loss_dist":[0.7176172349981631,0.6924215576596939,0.7277670353509401,0.7020626403539779,0.7189880172964656,0.6942580951588406,0.6620875797958837,0.6744897690095858,0.6963567656340262,0.6635574414876515],"train_loss":[0.6950703923806154,0.6948559007659729],"valid_accuracy_dist":[0.8707381489065563,0.8676666981608728,0.8768266006512011,0.886245495204236,0.8740952854181823,0.9001264660640556,0.873320725842383,0.8776981823804667,0.875269333618299,0.8889067951895909],"valid_accuracy":[0.3260307094332941,0.8796724771337171],"mean_valid_accuracy":[0.32632140985582275,0.8790893731435843],"std_valid_accuracy":[0.004719988687037021,0.009328655016130524],"valid_sensitivity_dist":[0.0,0.0,0.0,0.0,0.0,0.0,0.0,0.0,0.0,0.0],"valid_sensitivity":[0.7445340724963845,0.0],"mean_valid_sensitivity":[0.744526567830942,0.0],"std_valid_sensitivity":[0.00047735109222201284,0.0],"valid_specificity_dist":[0.9999999999769287,0.9999999999767255,0.9999999999770337,0.9999999999772975,0.9999999999769357,0.9999999999774878,0.9999999999767222,0.9999999999768979,0.9999999999769318,0.9999999999773045],"valid_specificity":[0.2687609762967756,0.9999999999770448],"mean_valid_specificity":[0.2687692826210003,0.9999999999770267],"std_valid_specificity":[0.0004193187319131611,2.4291627768751876e-13],"valid_jaccard_similarity_dist":[0.0,0.0,0.0,0.0,0.0,0.0,0.0,0.0,0.0,0.0],"valid_jaccard_similarity":[0.11471617510979439,0.0],"mean_valid_jaccard_similarity":[0.11523705561357436,0.0],"std_valid_jaccard_similarity":[0.008934474960029637,0.0],"valid_Dice_dist":[0.0,0.0,0.0,0.0,0.0,0.0,0.0,0.0,0.0,0.0],"valid_Dice":[0.19600002672635145,0.0],"mean_valid_Dice":[0.19675156558853235,0.0],"std_valid_Dice":[0.015440040533923328,0.0],"valid_AUC_dist":[0.8611804896077954,0.8504850863415421,0.8574441736943239,0.8532672872310304,0.8664064985275259,0.8468870281442124,0.8616514996932753,0.8719352352110706,0.8668555666243536,0.8599199441729944],"valid_AUC":[0.5022117158343486,0.8594492583697542],"mean_valid_AUC":[0.5022161855403796,0.8596032809248124],"std_valid_AUC":[0.00019032712187424408,0.007398585638220356],"valid_HD95_dist":[-1,-1,-1,-1,-1,-1,-1,-1,-1,-1],"valid_HD95":[135.6525549999117,-1.0],"mean_valid_HD95":[135.3832562250957,-1.0],"std_valid_HD95":[6.224463602496781,0.0],"valid_loss_dist":[0.740918805075781,0.7633367538518083,0.7051616238119701,0.6512297209470518,0.7232832482256809,0.5762117837924929,0.7331946607541155,0.7001813591569662,0.7171293935463042,0.644678165879229],"valid_loss":[0.6950722462520099,0.6922860243972061],"mean_valid_loss":[0.6950692594006473,0.69553255150414],"std_valid_loss":[4.78064287260076e-5,0.0531158794365786],"meta":{"task":"covidXray_segmentation_cnum10_dist2_skew0.5_seed0","algorithm":"fedsemi","model":"unet34","pretrain":"","sample":"full","aggregate":"weighted_scale","num_rounds":1,"proportion":1.0,"learning_rate_decay":0.998,"lr_scheduler":-1,"early_stop":-1,"num_epochs":5,"num_steps":-1,"learning_rate":0.0002,"batch_size":8.0,"optimizer":"Adam","momentum":0,"weight_decay":0,"seed":0,"gpu":[0],"server_with_cpu":false,"eval_interval":1,"cross_validation":false,"train_on_all":false,"num_threads":1,"num_workers":0,"test_batch_size":1,"network_config":"ideal","computing_config":"ideal","due_active":0,"due_response":100,"algo_para":null,"logger":"basic_logger","log_level":"INFO","log_file":false,"no_log_console":false,"no_overwrite":false,"weight_contrastive":1,"num_clusters":-1,"labeledclients":[],"numlabeled":4,"aggregate_labeled":"none","agg_coefficient":0.5,"num_normimg":1,"contrastive":false}}