{"test_accuracy":[0.9454738062955671,0.9536371772400891,0.955825810213644,0.9535012902051423,0.9585138589304761,0.9599539011979458,0.9614460742103415,0.9620728881753848,0.96369441183658,0.9605548148507824,0.9602147907229415],"test_sensitivity":[0.9089443236896823,0.8836662151562517,0.8960433449903458,0.9185665273584205,0.8548653953865757,0.8707997765413413,0.8873453884769649,0.8681438908288942,0.8545229313897758,0.8911249904425851,0.8901363195151218],"test_specificity":[0.9517280527615671,0.9638098269513358,0.9634502440568404,0.9579796692014013,0.9725824339684539,0.9717697713787026,0.9692995133092482,0.9730179880076913,0.9763181370702206,0.96882622660245,0.9682770709871912],"test_jaccard_similarity":[0.6024871380301934,0.6254372161288243,0.6382167328783803,0.634731910135679,0.6409946195584723,0.6510194768641313,0.6629679984053611,0.6608906628719177,0.665089837147079,0.6590665482318349,0.6589886574532849],"test_Dice":[0.710463396534642,0.732668127843229,0.7422666393508682,0.7359947915797099,0.7470892286730099,0.7539552327955336,0.7631894302549643,0.7616538330573639,0.7662059171657004,0.7593551896095171,0.7585248380661551],"test_AUC":[0.9830840607208711,0.9852238660242011,0.9863067117460755,0.9864192019633634,0.9870271025601964,0.9875727552985175,0.9883551153425281,0.9882375746758743,0.9884798769555425,0.9881781781813035,0.9880410345208158],"test_HD95":[53.17174864273999,49.2859268397034,48.975433903462836,48.45065358497361,47.29105185625842,46.68031471414633,44.93006886956512,44.03693444249577,43.194529047186286,44.540124200795475,44.22807387496651],"test_loss":[0.1441980569080837,0.1240604134603552,0.12052888985259579,0.1296984875804784,0.10857276982458998,0.10539890928092552,0.10047898654351288,0.09834882496669713,0.09362850571954795,0.10686616009296086,0.10529962096978605],"train_accuracy_dist":[0.9641514177594338,0.965230842036514,0.9585345872659102,0.9591445717147793,0.9600524553380092,0.9544230462427523,0.9589455170518039,0.9562602694417238,0.9553521120029537,0.9559947930461995],"train_accuracy":[0.9401647960503859,0.9466127419003718,0.9515638798202022,0.9498746900651446,0.9569827497160432,0.9556963445755235,0.9556842387028165,0.9591444035207328,0.9602537293015608,0.9578788250877122,0.959585257597755],"train_sensitivity_dist":[0.8961547211129096,0.8886764297072155,0.8386392232211195,0.8810695474641962,0.8877666322103187,0.8630499463976604,0.8876728707020194,0.8736075254540872,0.8754824066081771,0.8559123682144291],"train_sensitivity":[0.9098988219323607,0.899421077525161,0.8988086888333252,0.907323244803584,0.8573554820047402,0.8862464836167158,0.8969066197975517,0.864567121026455,0.8662505157966208,0.8890817946182283,0.8763241259743398],"train_specificity_dist":[0.9799534305914148,0.9710620319660718,0.9640244963971756,0.9737694074866498,0.9808301717710274,0.9613885181468403,0.973828054214571,0.9672383120300736,0.9654021235127179,0.9627216826754605],"train_specificity":[0.9467172512851335,0.9554587476432509,0.9600773542755022,0.9568795057356433,0.9708886415062192,0.9660714874984628,0.9632555361732451,0.9713300837701839,0.9719340243268901,0.9665316234689458,0.9697983798036601],"train_jaccard_similarity_dist":[0.8314971534865016,0.6416789035484168,0.475271354085674,0.7743132266566951,0.8344562349987095,0.5687900716546596,0.7706132077086547,0.6913101359251123,0.6206159336631517,0.42059559651228673],"train_jaccard_similarity":[0.5844198396377143,0.6017989403256002,0.6209025027919306,0.6167012598382481,0.6356451133584985,0.6361419103102168,0.6416513320509011,0.6489201510192518,0.6549473264571054,0.64997500289325,0.6546687968459255],"train_Dice_dist":[0.9020892439835724,0.756761476873266,0.5990551627525456,0.8634582189648049,0.9029545519392472,0.7005808100705747,0.8516279775343285,0.8026352142912218,0.7287619286784685,0.5465872068423856],"train_Dice":[0.6984701387170187,0.7136242708508129,0.7305537663578596,0.7256653825640318,0.7453352456260861,0.7436109600701695,0.7482159335547912,0.7556502112622526,0.7608202799421835,0.7551428328639553,0.7596465270936273],"train_AUC_dist":[0.9926841175948106,0.9897218819546902,0.9831813986487142,0.9895053955963998,0.9933839064540497,0.9845166569046687,0.9896737491639895,0.9881360683320674,0.9873972546538662,0.9839754256504325],"train_AUC":[0.9817227702987038,0.9837224504758668,0.9855393208676546,0.9854867828230922,0.9869560494285263,0.9870042723771515,0.9874314053861171,0.9877823836763934,0.9882891884518973,0.9880170377837569,0.9882018017473254],"train_HD95_dist":[21.864696566544254,44.3501326314122,61.052314801457875,27.868705183722067,20.320940835138625,52.64714804307274,30.724929405856404,37.60716663875987,45.344365652761674,75.53548217429667],"train_HD95":[53.51091118873898,50.62310979583948,49.366184247859685,49.11091987247041,46.576460217374844,46.662025849429725,45.71044353805833,43.72261956034797,42.98223953056317,43.89376010947239,42.93712506461262],"train_loss_dist":[0.09740560693093217,0.08834108763822916,0.11138379207677057,0.11751929589732649,0.11060787405073642,0.12018816751213028,0.11868472413711802,0.11667009615618555,0.12180818429723092,0.1222206341837974],"train_loss":[0.16072405856529962,0.15064916549558044,0.1357221818137526,0.14233550566539357,0.11555841015715422,0.12223174274678751,0.12298866155073164,0.11129427435927744,0.1069180077792122,0.11769045767723481,0.10970306288153507],"valid_accuracy_dist":[0.9586343095014588,0.9585970455699643,0.9599185267665827,0.9573100898930021,0.9635236348811856,0.9494632329126085,0.963282928283702,0.9526410113134317,0.9523558626841108,0.9476735596803426],"valid_accuracy":[0.93909380023889,0.9452921127539325,0.9504412203171805,0.9490157874765429,0.9566850607846544,0.9542048094567632,0.953714376300879,0.9575060457774509,0.9586344863020437,0.9551702177884431,0.9565391101455518],"mean_valid_accuracy":[0.9394935520747738,0.9455117915089751,0.950557733413677,0.9491750937600255,0.9561521596843712,0.9539644036674305,0.9535915094617204,0.9570985406633522,0.9581979133164715,0.9550765161794766,0.956340020148639],"std_valid_accuracy":[0.012354227416757114,0.010103492465649452,0.007747001503345843,0.008979457907230206,0.0038897474703742645,0.005800786392612256,0.006786264255023723,0.004119720122051379,0.00391855093225015,0.0058651756961051816,0.00525230314349263],"valid_sensitivity_dist":[0.8754399025647591,0.8783124228960247,0.8433699027698521,0.9056536675756904,0.9057675207491614,0.8644998451788078,0.893790572078613,0.8728612829920412,0.8793832899253714,0.843881394754759],"valid_sensitivity":[0.9113700156741463,0.9016923196278995,0.902643485634806,0.9099040042802002,0.8602343773505333,0.8863267585979329,0.8961454700517821,0.8667616961967657,0.8679945773682584,0.8868125673259416,0.8752965452028971],"mean_valid_sensitivity":[0.9111062031237352,0.9010914819093483,0.9020061645095229,0.9097414562522769,0.8587203790715903,0.8855434383969918,0.8965157157292193,0.8661888968880579,0.8685808779024905,0.8858262827095066,0.876295980148508],"std_valid_sensitivity":[0.009193925364526418,0.010765909881787106,0.00865017775607336,0.009580392399834145,0.012571300911203906,0.011272662581815444,0.015464598078085505,0.0176828248268071,0.018640664571410073,0.017652319183730218,0.020824539653170333],"valid_specificity_dist":[0.9786735001770558,0.9658325577977913,0.965350120757931,0.9667390981685211,0.9803054962283352,0.9563924810119163,0.9757235592425014,0.9620177585507486,0.9629382550088206,0.9529540677105426],"valid_specificity":[0.9448190091008245,0.952926060187683,0.9577709506159546,0.9549020330862991,0.9697280892605195,0.963742326334739,0.9607237704805262,0.9689398548636764,0.9698278767233169,0.9636602687578883,0.966274647322014],"mean_valid_specificity":[0.9457491876779793,0.9537385978673332,0.9584999201944534,0.9555702360543936,0.970216178524875,0.9643296438693698,0.9610926419138703,0.969384286492852,0.9701235527979432,0.9643290659802606,0.9666926894654164],