{"test_accuracy_dist":[0.14742336973558232,0.0902995439773774,0.07255670565779133,0.03835548867908252],"test_accuracy":[0.3197107331412858,0.10873264367851547,0.10861668249280916,0.10882681486436914,0.10865262995422886,0.10868670757102021],"test_sensitivity_dist":[0.9999999996697462,0.9999999995297063,0.9999999989760134,0.999999997843636],"test_sensitivity":[0.731300969932892,0.9999999993466433,0.9999999993478197,0.9999999993469966,0.9999999993457555,0.9999999993466586],"test_specificity_dist":[0.0,0.0,0.0,0.0],"test_specificity":[0.2693658984479371,0.0,0.0,0.0,0.0,0.0],"test_jaccard_similarity_dist":[0.14742336973558232,0.0902995439773774,0.07255670565779133,0.03835548867908252],"test_jaccard_similarity":[0.10064145761270184,0.10873264367851547,0.10861668249280916,0.10882681486436914,0.10865262995422886,0.10868670757102021],"test_Dice_dist":[0.23578093276544698,0.15853145390099566,0.12162794913847023,0.06869854966060741],"test_Dice":[0.16965351679260257,0.17945578787506575,0.179350088912451,0.17960565705593756,0.17938619364202613,0.17940094773336077],"test_AUC_dist":[0.46292164502630034,0.4713089209575508,0.4583230649952221,0.4088940943367776],"test_AUC":[0.5045316557076197,0.4138882881820901,0.4492829740166553,0.2779550087769622,0.26540460167757346,0.4596327863495164],"test_HD95_dist":[153.59776302101548,169.2206078603351,174.55655647415992,186.3441656393655],"test_HD95":[163.62946752294553,163.96173379281015,164.05029266807514,164.58035736486494,163.3459692516884,164.53693598540423],"test_loss_dist":[8.993300765752792,9.695567914140902,9.81923622834055,9.907700145244599],"test_loss":[0.6951267645984518,9.643346091883616,2.2080406570472966,10.02219532933078,1.8869459070018844,9.414947981656667],"train_accuracy_dist":[0.14552443968368872,0.08601372700632036,0.06999339767487481,0.04163315930760166],"train_accuracy":[0.31837632382495096,0.106411037326756,0.10642063125046179,0.1064307588931253,0.10644671839171879,0.106468301465673],"train_sensitivity_dist":[0.9999999996843084,0.999999999458042,0.9999999989530325,0.999999997538691],"train_sensitivity":[0.7312339228324014,0.999999999303419,0.9999999993012648,0.9999999992950876,0.9999999993000493,0.999999999302002],"train_specificity_dist":[0.0,0.0,0.0,0.0],"train_specificity":[0.2690712242342479,0.0,0.0,0.0,0.0,0.0],"train_jaccard_similarity_dist":[0.14552443968368872,0.08601372700632036,0.06999339767487481,0.04163315930760166],"train_jaccard_similarity":[0.0989310327709062,0.106411037326756,0.10642063125046179,0.1064307588931253,0.10644671839171879,0.106468301465673],"train_Dice_dist":[0.2364330576617509,0.1503085813796521,0.11837122195634847,0.07561565804798853],"train_Dice":[0.1681171103946356,0.17738166755041893,0.17738217901063114,0.17737330953982644,0.17740071211218963,0.17745349666014362],"train_AUC_dist":[0.4654114804042953,0.4645382617731478,0.455536215692697,0.4020595108072039],"train_AUC":[0.5045035863019408,0.4126923400062813,0.4465863252736138,0.2797240281332943,0.2641551238557836,0.45778262487051485],"train_HD95_dist":[152.2163615744891,165.01238902882957,177.48441013784088,185.6384445351377],"train_HD95":[162.9537392828998,163.42052426084993,163.33560403942326,163.2816080417485,163.3312516845264,163.17444520212996],"train_loss_dist":[9.01556445802961,9.759529629600383,9.831095494722065,9.909056729643885],"train_loss":[0.6951378736131569,9.674490624202924,2.213296655188348,10.058336988607316,1.8908342162352774,9.44519005594185],"valid_accuracy_dist":[0.12507653060975216,0.09108854863485241,0.06311467843590648,0.05218577973848734],"valid_accuracy":[0.31460395798767676,0.09829430225706046,0.09841682968133,0.0984176808641727,0.09849150619486456,0.09828701928848282],"mean_valid_accuracy":[0.30913161782934273,0.08289337880795797,0.08291027760718694,0.08291086256281094,0.08299215093163373,0.0828663843547496],"std_valid_accuracy":[0.010267636141826877,0.028147363532410437,0.02835688260318795,0.02836379182667247,0.028331595028708557,0.028198979674101596],"valid_sensitivity_dist":[0.9999999996352058,0.9999999995708397,0.9999999989834564,0.9999999951518598],"valid_sensitivity":[0.7316751374694196,0.9999999991120707,0.9999999990982105,0.9999999991052961,0.9999999991060999,0.9999999991027875],"mean_valid_sensitivity":[0.7291273402409133,0.9999999983610083,0.9999999983218999,0.9999999983419833,0.9999999983432596,0.9999999983353405],"std_valid_sensitivity":[0.005611767987737841,1.8124981422960258e-9,1.8797918351607106e-9,1.84431359169421e-9,1.844785214676143e-9,1.8554454904726998e-9],"valid_specificity_dist":[0.0,0.0,0.0,0.0],"valid_specificity":[0.2689524688628911,0.0,0.0,0.0,0.0,0.0],"mean_valid_specificity":[0.2708194475353621,0.0,0.0,0.0,0.0,0.0],"std_valid_specificity":[0.004274043438394255,0.0,0.0,0.0,0.0,0.0],"valid_jaccard_similarity_dist":[0.12507653060975216,0.09108854863485241,0.06311467843590648,0.05218577973848734],"valid_jaccard_similarity":[0.09212991752004995,0.09829430225706046,0.09841682968133,0.0984176808641727,0.09849150619486456,0.09828701928848282],"mean_valid_jaccard_similarity":[0.07779226326051207,0.08289337880795797,0.08291027760718694,0.08291086256281094,0.08299215093163373,0.0828663843547496],"std_valid_jaccard_similarity":[0.02627325491897431,0.028147363532410437,0.02835688260318795,0.02836379182667247,0.028331595028708557,0.028198979674101596],"valid_Dice_dist":[0.20808883526537553,0.16061833285142585,0.10718651894641032,0.0897712100086242],"valid_Dice":[0.15865463606077618,0.16668157760436028,0.16682254052489956,0.16684264286994943,0.1669308228157962,0.16669960872442838],"mean_valid_Dice":[0.13472666265671002,0.14142873421425117,0.14144525857599996,0.1414578239559761,0.14156945225228806,0.14141622426795897],"std_valid_Dice":[0.04410734847347182,0.046421017530023465,0.04667424907213978,0.04670618423105883,0.04662127026846013,0.046510316746693495],"valid_AUC_dist":[0.4506070280686695,0.46374033971091067,0.45132842016792657,0.4412938942283124],"valid_AUC":[0.5046674187942718,0.4157441313615935,0.4512001740942309,0.285397446515066,0.27211141066231137,0.45357048224577773],"mean_valid_AUC":[0.5044171169648564,0.42345886470581795,0.4517589442427129,0.29842443287066117,0.2818710818002742,0.4517424205439548],"std_valid_AUC":[0.001407713145001282,0.014838155347060537,0.0012340167050102174,0.038692693370331946,0.027367977577599706,0.007977817353289134],"valid_HD95_dist":[157.55432170780944,167.93044983376205,177.20407993742853,179.89464730375636],"valid_HD95":[164.607757724763,165.7393347635049,165.47065234206275,165.63439408264497,164.82395517263237,165.86813172324455],"mean_valid_HD95":[169.34353016466497,170.8413944400081,170.10625636120932,170.56497288087803,170.3272022841279,170.6458746956891],"std_valid_HD95":[8.695916660836689,9.391195051088287,8.567657980505933,9.078245688571961,10.165084128318194,8.765160331730195],"valid_loss_dist":[9.236220536231995,9.701924378754663,9.896190568020469,9.77492282265111],"valid_loss":[0.6951793966518265,9.762196850083397,2.227367529055957,10.143357228462053,1.9036862512920574,9.529280945307667],"mean_valid_loss":[0.695260179475194,9.867742958491583,2.2377489721852197,10.207292238737201,1.8880613364959402,9.65231457641456],"std_valid_loss":[0.00014768381004931695,0.21192261647823596,0.028134229524274815,0.3365942176952123,0.0966315047542599,0.25005182667331277],"meta":{"task":"polyp_segmentation_cnum4_dist0_skew0_seed0","algorithm":"fedsemi","model":"unet34","pretrain":"","sample":"full","aggregate":"weighted_scale","num_rounds":5,"proportion":1.0,"learning_rate_decay":0.998,"lr_scheduler":-1,"early_stop":-1,"num_epochs":5,"num_steps":-1,"learning_rate":0.001,"batch_size":8.0,"optimizer":"Adam","momentum":0,"weight_decay":0,"seed":0,"gpu":[6],"server_with_cpu":false,"eval_interval":1,"cross_validation":false,"train_on_all":false,"num_threads":1,"num_workers":0,"test_batch_size":1,"network_config":"ideal","computing_config":"ideal","due_active":0,"due_response":100,"algo_para":null,"logger":"seg_logger","log_level":"INFO","log_file":false,