{"test_accuracy_dist":[0.9656556919450403,0.9851371951023177,0.9764623262761895,0.9845957230352242],"test_accuracy":[0.9672050329289488,0.9684057300861532,0.9743691597087614,0.9758409346349569,0.9746742630376305],"test_sensitivity_dist":[0.8874112170766876,0.8884749390732399,0.7804602776943158,0.6145917484260061],"test_sensitivity":[0.8104128897623729,0.8547086701702127,0.8226698099342219,0.8475733376763555,0.8447136703318608],"test_specificity_dist":[0.9823453032564318,0.9930998743023385,0.9912598505445407,0.9915893099241266],"test_specificity":[0.9860503102839197,0.9801426737407075,0.9887206706071591,0.9879423007928297,0.9877278342164314],"test_jaccard_similarity_dist":[0.798592672410163,0.8223791777176813,0.6797921131518915,0.5107332088439455],"test_jaccard_similarity":[0.7086265879528286,0.7415598042979015,0.743352591121201,0.7584335525484094,0.7588427893274365],"test_Dice_dist":[0.8650982070827911,0.8896943187224882,0.7642103754154691,0.5810219255426319],"test_Dice":[0.7902889524157269,0.8174729713105594,0.8124960840826683,0.8280953423941184,0.8290253932273246],"test_AUC_dist":[0.990392839757435,0.9954687072081716,0.973982837708283,0.975211921715637],"test_AUC":[0.9843090193451889,0.9844708428451084,0.9887920646016851,0.9880191151800789,0.987602261672598],"test_HD95_dist":[22.981667885520952,18.423187414694596,18.719967673435512,29.548007714303697],"test_HD95":[28.93609822187577,28.722877223416,22.657126662481712,21.296488519565404,21.55446126149406],"test_loss_dist":[0.12106542403344064,0.04210345210068352,0.06888733152912832,0.041475033893948424],"test_loss":[0.09613154572986442,0.08694909614276915,0.07996756255859604,0.08001899646491716,0.08280351675553237],"train_accuracy_dist":[0.9857358668717541,0.9891885702316916,0.9889135356130588,0.9854648862085736],"train_accuracy":[0.9749686980145664,0.9780213621729194,0.9842936013305409,0.9863452560571355,0.9872289384409144],"train_sensitivity_dist":[0.9311126862668696,0.8949307594825673,0.8508016453154796,0.670461598735518],"train_sensitivity":[0.8439181789208432,0.8748666211608085,0.8684611315356724,0.8760695250640407,0.883720262655801],"train_specificity_dist":[0.9918524989641397,0.9957537848413804,0.9949303785796116,0.9910408461512791],"train_specificity":[0.9884078579129469,0.9849018296264326,0.9912677524981547,0.9920457762652548,0.9934052552657809],"train_jaccard_similarity_dist":[0.8859460416274841,0.8435939674739816,0.7743002408033576,0.5567270835677769],"train_jaccard_similarity":[0.7548662728768044,0.7862954108588213,0.8035175281278204,0.8134366098029913,0.8252488058266372],"train_Dice_dist":[0.9361610660483086,0.9029638918936896,0.8476132396711982,0.623968642079443],"train_Dice":[0.8308844916636149,0.8557730323618652,0.8658941507114917,0.8729484134618517,0.8835598417254982],"train_AUC_dist":[0.9980204225952611,0.9971486635686098,0.9928882040018178,0.9658209440415249],"train_AUC":[0.9867844893805957,0.9897515460547917,0.9924157826758297,0.9939014930664738,0.9940036939400524],"train_HD95_dist":[12.071816693594409,13.214057950141475,14.37634698998634,25.566488395678846],"train_HD95":[24.624162738641026,22.439938037265836,17.026044058046537,14.696314231967424,13.99908928655846],"train_loss_dist":[0.035420369513199795,0.027612035666487973,0.029039284980267678,0.047154622087866936],"train_loss":[0.06890244461361204,0.054807818970739705,0.04017661157770388,0.03502693764848974,0.033178865418214035],"valid_accuracy_dist":[0.9754103555290299,0.9847575876978384,0.9845113620910129,0.9912749227783106],"valid_accuracy":[0.9741075477718153,0.9788721167285847,0.9822144222436487,0.9815292887258694,0.9810242868333335],"mean_valid_accuracy":[0.9749894685009025,0.9818426116147441,0.9853282468378778,0.9846883706859834,0.9839885570240479],"std_valid_accuracy":[0.004877494333228462,0.00557996344238361,0.005686954813285308,0.005840322380398653,0.005646711434748926],"valid_sensitivity_dist":[0.8880008731765641,0.892009488739641,0.820726690569164,0.7079707539633047],"valid_sensitivity":[0.8292877048961529,0.8675958220146536,0.865550765825417,0.8620015954197017,0.8613232954856509],"mean_valid_sensitivity":[0.7986163353655432,0.8321275712258159,0.8315689815502498,0.8225121372569305,0.8271769516121684],"std_valid_sensitivity":[0.05772915649442733,0.07951501683869959,0.07210971174372789,0.09341690590959066,0.07442199058457073],"valid_specificity_dist":[0.9860562540628776,0.9923397032932811,0.9961387357152883,0.9941394796692414],"valid_specificity":[0.9886193021128785,0.9858446953183465,0.9891299662120586,0.9890721652091982,0.9902879054660296],"mean_valid_specificity":[0.9901712955729558,0.9879736389632316,0.9915988795561403,0.9911193768732532,0.9921685431851721],"std_valid_specificity":[0.0036423178809891626,0.004228957438307934,0.0048850450513702615,0.003950613673526912,0.003776122132808814],"valid_jaccard_similarity_dist":[0.8137031135991706,0.8312699868967486,0.7395834701612021,0.6120784537094568],"valid_jaccard_similarity":[0.7369549662490354,0.7693626485004703,0.7914472251723539,0.7824372147608857,0.7876941117781211],"mean_valid_jaccard_similarity":[0.6894576817378798,0.7239908779386782,0.7537086215819344,0.7353639999582172,0.7491587560916446],"std_valid_jaccard_similarity":[0.0912007032769349,0.10274116564502223,0.08382288965382573,0.10722645348496547,0.08630023712631119],"valid_Dice_dist":[0.8775176102542498,0.9038662435640422,0.8190201081431453,0.6848889465605005],"valid_Dice":[0.8198388057882202,0.8438299115689275,0.8635293833971166,0.8533698655666618,0.8574828307434684],"mean_valid_Dice":[0.7764485678413414,0.798637928289576,0.8271257860560666,0.8087026797822001,0.8213232271304844],"std_valid_Dice":[0.08669409636419768,0.10688207541372663,0.08426213027953408,0.10600152267272349,0.0845440351656018],"valid_AUC_dist":[0.9945443372419038,0.9967408079715451,0.9893922347160222,0.9458243693614721],"valid_AUC":[0.9845508779962173,0.9831713116644178,0.9904884687804945,0.9899007448071574,0.9899035760405863],"mean_valid_AUC":[0.974316428524719,0.9654688374638192,0.983418661500595,0.9821891370671869,0.9816254373227358],"std_valid_AUC":[0.02430013667575307,0.046688882874333475,0.018967921996555556,0.020199582183886202,0.02084113728835203],"valid_HD95_dist":[20.272824879119167,18.10756495437752,17.606999866231284,15.99148170167255],"valid_HD95":[24.47907979395218,24.656260970226626,18.161565574115965,19.224643298821043,18.82123460052492],"mean_valid_HD95":[25.224203318605838,27.37772192949364,16.057156005715417,18.72040060483389,17.99471785035013],"std_valid_HD95":[1.8812083907016437,10.177262011023211,4.064291813735351,1.9288344180033286,1.5301786175143102],"valid_loss_dist":[0.06579048439394683,0.04089702176479775,0.036700192618330844,0.022982107316094794],"valid_loss":[0.06902625514303964,0.0563313357204265,0.050488312571993925,0.051483208929165414,0.049946482253348926],"mean_valid_loss":[0.06820753204803115,0.05104304938018041,0.042002958840654595,0.042166858480429045,0.04159245152329256],"std_valid_loss":[0.01606632588119674,0.011178831072746092,0.015540049590552794,0.017349730521883606,0.015462111159717334],"meta":{"task":"polyp_segmentation_cnum4_dist0_skew0_seed0","algorithm":"fedsemi","model":"unet34","pretrain":"","sample":"full","aggregate":"weighted_scale","num_rounds":20,"proportion":1.0,"learning_rate_decay":0.998,"lr_scheduler":-1,"early_stop":-1,"num_epochs":5,"num_steps":-1,"learning_rate":0.1,"batch_size":4.0,"optimizer":"SGD","momentum":0,"weight_decay":0,"seed":0,"gpu":[2],"server_with_cpu":false,"eval_interval":5,"cross_validation":false,"train_on_all":false,"num_threads":1,"num_workers":0,"test_batch_size":1,"network_config":"ideal","computing_config":"ideal","due_active":0,"due_response":100,"algo_para":null,"logger":"seg_logger","log_level":"INFO","log_file":false,"no_log_console":false,"no_overwrite":false}}