{"test_accuracy_dist":[0.8927135482921572,0.9434922406274552,0.9456505206746278,0.972789281708929],"test_accuracy":[0.3199107018629379,0.10867653008072038,0.9022165274718206,0.9018233203087127,0.8954794360220591,0.9232719352623353],"test_sensitivity_dist":[0.35941315975547544,0.3715037224563769,0.30382229487450313,0.18121396477446475],"test_sensitivity":[0.730575304663408,0.9999999993467434,0.1479279249524645,0.12141021582806334,0.044924132487612414,0.3371886666563564],"test_specificity_dist":[0.9995746911128599,0.9998142007730956,0.9997464064070966,0.999911303024002],"test_specificity":[0.26950022374350713,0.0,0.9988336537127767,0.9998654985459654,0.9999432645198837,0.99970160308848],"test_jaccard_similarity_dist":[0.35785087459772597,0.37068620581883693,0.29890594946275234,0.1784892005251732],"test_jaccard_similarity":[0.10075378414379997,0.10867653008072038,0.14403301571505997,0.12096836627822069,0.04488095728859783,0.3351478192932144],"test_Dice_dist":[0.4887262171371496,0.5084992776841089,0.41006386348657137,0.24274989023898624],"test_Dice":[0.16976341896280556,0.17941167794384463,0.21959849992878192,0.19702524991990875,0.08240151198363005,0.45857594088502446],"test_AUC_dist":[0.9745172757306206,0.9898442002481271,0.9726117414671037,0.9341537510390447],"test_AUC":[0.5044483755770183,0.19057044812030238,0.8939489837096832,0.960968365919119,0.9675485655746657,0.974859044964227],"test_HD95_dist":[37.36011504721336,29.61148032406806,28.029173621285896,24.10345190980985],"test_HD95":[163.1104049270819,164.61002006945674,165.04009424571854,42.13669835610065,46.078037105788844,32.38649719572598],"test_loss_dist":[0.49609950339887293,0.18193982539289608,0.22751123507164026,0.11304132649675011],"test_loss":[0.6951252943097799,1.8768093618256436,0.2731207951817764,0.3954345460507949,0.3926774750495929,0.3273315139820259],"train_accuracy_dist":[0.89581923057617,0.9488284416235189,0.9575071687318755,0.9690090879908916],"train_accuracy":[0.3183778989467532,0.10641319823765848,0.9051167063538472,0.9046049089258719,0.8978685035028806,0.9279054123811993],"train_sensitivity_dist":[0.3602135598406992,0.41433837223789394,0.3526057771878478,0.19644924357045077],"train_sensitivity":[0.730962608186969,0.9999999993008379,0.16551324557048364,0.12937713104938098,0.04578147093111979,0.35936838556984146],"train_specificity_dist":[0.9994887394564221,0.9998852552779384,0.9997640005058955,0.9992616126525695],"train_specificity":[0.2690882894316408,0.0,0.9988445630195696,0.9999168699550204,0.9999624988535234,0.999627088142667],"train_jaccard_similarity_dist":[0.3585717622841165,0.41318423648251995,0.3505967916598299,0.19180887438738736],"train_jaccard_similarity":[0.09891527412740735,0.10641319823765848,0.16097341098855786,0.12920040471856362,0.04575317298691052,0.357530796333107],"train_Dice_dist":[0.49021217076084256,0.5560575766381795,0.47685700825194527,0.26569624050496415],"train_Dice":[0.16806618862530617,0.17735876814805326,0.24204998825501556,0.2101461762586589,0.08410966297112661,0.4862086946296068],"train_AUC_dist":[0.9754139417868845,0.9929161112842073,0.9802630978739187,0.9064352934220922],"train_AUC":[0.5045351866827364,0.18382492454253196,0.8994644284984525,0.9627074560915294,0.9707371155430857,0.9749767956327556],"train_HD95_dist":[39.743860438168326,28.22001519861656,25.739273369949146,33.266354425269014],"train_HD95":[162.54918268859367,163.33068462599573,164.3385784705398,43.031984839792926,46.48575419028718,33.50947490816071],"train_loss_dist":[0.4753643749720816,0.16034593522357188,0.13560865162626692,0.1293730926258068],"train_loss":[0.6951379645189999,1.8837178190263715,0.264412980397724,0.36352920663591104,0.3584767991919034,0.29730838522434255],"valid_accuracy_dist":[0.9170045439868262,0.9431649772938494,0.9551573198990628,0.9561417494438873],"valid_accuracy":[0.3147157873002159,0.09835999211099188,0.9128449629399114,0.9123465587364903,0.9058996883172816,0.9344487641015735],"mean_valid_accuracy":[0.3092773239257614,0.08290160984334138,0.9252934692991557,0.9252047983320916,0.9202641704467474,0.9428671476559063],"std_valid_accuracy":[0.010140945279939284,0.02825947767910483,0.02281058098182143,0.02353150996998103,0.026251869172193527,0.01578152683862589],"valid_sensitivity_dist":[0.375385276353432,0.4063922571730686,0.31348365181029714,0.17475513540171445],"valid_sensitivity":[0.7317246435189311,0.9999999991090198,0.1564414566695254,0.1289734436239625,0.044959180244388684,0.3553453196923904],"mean_valid_sensitivity":[0.7313017237991721,0.9999999983520584,0.13294130074417937,0.10503037344939199,0.035274050604777854,0.31750408018462806],"std_valid_sensitivity":[0.002636792329940054,1.8279918184311732e-9,0.05205813939492598,0.05070642585338533,0.018564362323515174,0.08894487894084789],"valid_specificity_dist":[0.9997478963606894,0.9996746691271339,0.9999250514167777,0.999990364361233],"valid_specificity":[0.26908810931040344,0.0,0.9988164055352404,0.9999428581466644,0.999972355239229,0.9997799016546359],"mean_valid_specificity":[0.270949408958985,0.0,0.9987318194422194,0.9999224167321403,0.9999798059280828,0.9998344953164585],"std_valid_specificity":[0.004097104193868884,0.0,0.00023470412102309283,3.9443588646834965e-5,1.4117139060846657e-5,0.00012800327765165377],"valid_jaccard_similarity_dist":[0.37315625721443574,0.4033455319376041,0.31267520120544817,0.17427785759991063],"valid_jaccard_similarity":[0.09212980541034488,0.09835999211099188,0.15239843869447087,0.12876566584400764,0.04492671378559244,0.3532912721954517],"mean_valid_jaccard_similarity":[0.07783126620147623,0.08290160984334138,0.1287658637777716,0.10484959019092689,0.03525229341910416,0.31586371198934965],"std_valid_jaccard_similarity":[0.026182892989841645,0.02825947767910483,0.05201464999550034,0.05059044458432143,0.01854714087240974,0.08802304431799923],"valid_Dice_dist":[0.5046169615974538,0.5521822690488872,0.43411282450897953,0.24080868553492304],"valid_Dice":[0.15863841181040966,0.16677080605859373,0.23070206579113495,0.2086805846261401,0.08260191389439629,0.48205792652437257],"mean_valid_Dice":[0.13478227958064481,0.14145822752857162,0.1956484807136364,0.17112759582770273,0.06512720716439106,0.4329301851725609],"std_valid_Dice":[0.0439455521111764,0.0465377887696666,0.07588852215328934,0.08014741039449472,0.03363923087828495,0.11860872931813861],"valid_AUC_dist":[0.9817887943164769,0.9908860897416464,0.966388666141595,0.890142363826755],"valid_AUC":[0.5045890390135838,0.1900345277882422,0.8908826151403225,0.9661177843958413,0.9704345555062982,0.9734554483794177],"mean_valid_AUC":[0.5049516019241962,0.21467901296022607,0.8559942863123781,0.9480519617830081,0.95368354456615,0.9573014785066183],"std_valid_AUC":[0.0008107010678060668,0.05934745963593681,0.07771832148404036,0.049760600377637,0.04764285077576217,0.03975071826733457],"valid_HD95_dist":[32.68704512227142,33.47950651023337,29.493507685215718,37.9476208851444],"valid_HD95":[165.64455131237844,165.62868980009029,166.00169299093798,44.64027262795894,44.748129797928634,32.82446602057612],"mean_valid_HD95":[170.64044826487236,170.62762348153285,170.89628279073543,43.360054776100824,43.14234089970677,33.40192005071623],"std_valid_HD95":[9.180714656451263,9.176255791363085,9.051575522297679,5.452034058713156,6.26299766719746,3.01894638561774],"valid_loss_dist":[0.314875721167773,0.1991021504595143,0.15764629240392855,0.2088286764429588],"valid_loss":[0.6951791523005592,1.8983235605257236,0.2518679365768321,0.3129110246577722,0.30078272189343874,0.24570357130388215],"mean_valid_loss":[0.6952599084511,1.9116067270596444,0.23933978005716572,0.27485705879007044,0.2576112957704351,0.22011321011854368],"std_valid_loss":[0.0001475917843891073,0.04520960909082385,0.024395577745564036,0.07079832196784804,0.08061380122798434,0.05798890979616385],"meta":{"task":"polyp_segmentation_cnum4_dist0_skew0_seed0","algorithm":"fedsemi","model":"unet34","pretrain":"","sample":"full","aggregate":"weighted_scale","num_rounds":5,"proportion":1.0,