{"test_accuracy_dist":[0.9261807437634288,0.9528438757172799,0.9449694968259578,0.9766447105991583],"test_accuracy":[0.9414147034285991],"test_sensitivity_dist":[0.6023033391232452,0.5234092324410227,0.3819051524305534,0.29370224998457123],"test_sensitivity":[0.5143406059212559],"test_specificity_dist":[0.9953061464061888,0.9984311303391357,0.9982568113299112,0.9958604537569584],"test_specificity":[0.9967420119189693],"test_jaccard_similarity_dist":[0.5651662925891293,0.502290389279741,0.3569500493399044,0.26223032093844767],"test_jaccard_similarity":[0.4843050022972577],"test_Dice_dist":[0.681369992661386,0.6124953304501057,0.4433721132257826,0.3237039466049213],"test_Dice":[0.5887599079676994],"test_AUC_dist":[0.9799972454653989,0.9747533152725972,0.9483840023754659,0.9203176512392981],"test_AUC":[0.9676983367825661],"test_HD95_dist":[33.994129047587805,33.67276703185961,41.70255215241826,44.02855955912637],"test_HD95":[36.14149324303785],"test_loss_dist":[0.1936223483271897,0.12722541996073433,0.165360142893501,0.09492158060893416],"test_loss":[0.16131820909557304],"train_accuracy_dist":[0.9288230001637063,0.9561803200207586,0.9528922103778557,0.9759228537251499],"train_accuracy":[0.9448674304404534],"train_sensitivity_dist":[0.6205117465162524,0.5487508525914634,0.4301159070363199,0.3940583801722054],"train_sensitivity":[0.547106738619057],"train_specificity_dist":[0.9959327908032631,0.9978061598983501,0.9985138031461055,0.9949949057393428],"train_specificity":[0.9968210083095571],"train_jaccard_similarity_dist":[0.5925408219946086,0.5224710138348769,0.40618934633529213,0.33856374476127243],"train_jaccard_similarity":[0.5178483138308526],"train_Dice_dist":[0.7068237361608878,0.6331904175945815,0.5053076806566378,0.4263459961313542],"train_Dice":[0.626128908274176],"train_AUC_dist":[0.9816142586169271,0.979928383221577,0.9438420651448596,0.929561833081755],"train_AUC":[0.9699224621237212],"train_HD95_dist":[31.581061258853737,32.8206365211505,35.675207487115856,36.063026249875456],"train_HD95":[33.039983736156614],"train_loss_dist":[0.17904148634523154,0.12025214057572395,0.1368334479489945,0.09188211845220441],"train_loss":[0.14747387589187227],"valid_accuracy_dist":[0.9465919961546035,0.9527185617909828,0.9542415958792102,0.9696678218791709],"valid_accuracy":[0.9516986922639316],"mean_valid_accuracy":[0.9558049939259918],"std_valid_accuracy":[0.008500405925185944],"valid_sensitivity_dist":[0.6420945375365602,0.520398775111125,0.3985844884219092,0.27662032360774785],"valid_sensitivity":[0.5330616004426145],"mean_valid_sensitivity":[0.4594245311693355],"std_valid_sensitivity":[0.13620304581231238],"valid_specificity_dist":[0.9964372316830967,0.9976398369887627,0.9987987887812041,0.9987443683611232],"valid_specificity":[0.997390182031765],"mean_valid_specificity":[0.9979050564535467],"std_valid_specificity":[0.0009654083168466219],"valid_jaccard_similarity_dist":[0.6103649421964313,0.5028823601875805,0.37404830220622376,0.24990580775249893],"valid_jaccard_similarity":[0.5070039541128244],"mean_valid_jaccard_similarity":[0.43430035308568365],"std_valid_jaccard_similarity":[0.1354011532638053],"valid_Dice_dist":[0.7269624987158536,0.6179600393617629,0.4641313450320669,0.3220129886151013],"valid_Dice":[0.6145887414544289],"mean_valid_Dice":[0.5327667179311962],"std_valid_Dice":[0.15337686602335024],"valid_AUC_dist":[0.9764816044146535,0.9792839002167978,0.9412331000399281,0.9111061702469099],"valid_AUC":[0.9652907787834711],"mean_valid_AUC":[0.9520261937295724],"std_valid_AUC":[0.027982087430777923],"valid_HD95_dist":[28.539190553592533,35.36018589590244,37.89393078578405,37.95287309621113],"valid_HD95":[32.91373099553266],"mean_valid_HD95":[34.93654508287254],"std_valid_HD95":[3.838944561712261],"valid_loss_dist":[0.14542730739340187,0.12342530064529082,0.13993612426872315,0.09640393866912315],"valid_loss":[0.13393565806970348],"mean_valid_loss":[0.12629816774413474],"std_valid_loss":[0.019064601616901253],"meta":{"task":"polyp_segmentation_cnum4_dist0_skew0_seed0","algorithm":"fedsemi","model":"unet34","pretrain":"","sample":"full","aggregate":"weighted_scale","num_rounds":1,"proportion":1.0,"learning_rate_decay":0.998,"lr_scheduler":-1,"early_stop":-1,"num_epochs":5,"num_steps":-1,"learning_rate":0.1,"batch_size":4.0,"optimizer":"SGD","momentum":0,"weight_decay":0,"seed":0,"gpu":[7],"server_with_cpu":false,"eval_interval":1,"cross_validation":false,"train_on_all":false,"num_threads":1,"num_workers":0,"test_batch_size":1,"network_config":"ideal","computing_config":"ideal","due_active":0,"due_response":100,"algo_para":null,"logger":"seg_logger","log_level":"INFO","log_file":false,"no_log_console":false,"no_overwrite":false,"weight_contrastive":1,"num_clusters":-1}}