{"test_accuracy_dist":[0.8527040816156588,0.9099015368161117,0.9274448677312475,0.9616300621619571],"test_accuracy":[0.8914267591253802],"test_sensitivity_dist":[0.0,0.0,0.0,0.0],"test_sensitivity":[0.0],"test_specificity_dist":[0.9999999999757132,0.9999999999779597,0.9999999999781736,0.9999999999791868],"test_specificity":[0.9999999999770796],"test_jaccard_similarity_dist":[0.0,0.0,0.0,0.0],"test_jaccard_similarity":[0.0],"test_Dice_dist":[0.0,0.0,0.0,0.0],"test_Dice":[0.0],"test_AUC_dist":[0.7167612707239627,0.746770049688255,0.6932171650519077,0.6348141251381099],"test_AUC":[0.7137268267936483],"test_HD95_dist":[-1,-1,-1,-1],"test_HD95":[-1.0],"test_loss_dist":[0.7327228751592338,0.4584533978344464,0.3657917001186625,0.18959203152917325],"test_loss":[0.5436961250396262],"train_accuracy_dist":[0.8545178400431018,0.9140232921987882,0.9302689120575686,0.9583895345127779],"train_accuracy":[0.8936089836230023],"train_sensitivity_dist":[0.0,0.0,0.0,0.0],"train_sensitivity":[0.0],"train_specificity_dist":[0.9999999999759211,0.9999999999780091,0.9999999999782313,0.9999999999791351],"train_specificity":[0.9999999999771937],"train_jaccard_similarity_dist":[0.0,0.0,0.0,0.0],"train_jaccard_similarity":[0.0],"train_Dice_dist":[0.0,0.0,0.0,0.0],"train_Dice":[0.0],"train_AUC_dist":[0.7205062241913667,0.746972749098002,0.6868648339494287,0.6591647524204821],"train_AUC":[0.7165710714957908],"train_HD95_dist":[-1,-1,-1,-1],"train_HD95":[-1.0],"train_loss_dist":[0.7233021479419299,0.4367008373428519,0.3466386849382766,0.20510942568445076],"train_loss":[0.5313686110087805],"valid_accuracy_dist":[0.8747710060412398,0.9090535740242044,0.9367804276129093,0.9477942903946444],"valid_accuracy":[0.901662995062265],"mean_valid_accuracy":[0.9170998245182495],"std_valid_accuracy":[0.02822209858550236],"valid_sensitivity_dist":[0.0,0.0,0.0,0.0],"valid_sensitivity":[0.0],"mean_valid_sensitivity":[0.0],"std_valid_sensitivity":[0.0],"valid_specificity_dist":[0.9999999999767978,0.9999999999779541,0.9999999999783883,0.9999999999788064],"valid_specificity":[0.999999999977577],"mean_valid_specificity":[0.9999999999779866],"std_valid_specificity":[7.496276773352691e-13],"valid_jaccard_similarity_dist":[0.0,0.0,0.0,0.0],"valid_jaccard_similarity":[0.0],"mean_valid_jaccard_similarity":[0.0],"std_valid_jaccard_similarity":[0.0],"valid_Dice_dist":[0.0,0.0,0.0,0.0],"valid_Dice":[0.0],"mean_valid_Dice":[0.0],"std_valid_Dice":[0.0],"valid_AUC_dist":[0.7034737264850413,0.7587912110499692,0.6995451937631422,0.615438227723745],"valid_AUC":[0.7103777306388404],"mean_valid_AUC":[0.6943120897554743],"std_valid_AUC":[0.05121026303347325],"valid_HD95_dist":[-1,-1,-1,-1],"valid_HD95":[-1.0],"mean_valid_HD95":[-1.0],"std_valid_HD95":[0.0],"valid_loss_dist":[0.623015353679657,0.4593596777222196,0.3180471203829113,0.2612565299005885],"valid_loss":[0.4919068375304408],"mean_valid_loss":[0.41541967042134403],"std_valid_loss":[0.13988779373599408],"meta":{"task":"polyp_segmentation_cnum4_dist0_skew0_seed0","algorithm":"fedsemi","model":"unet34","pretrain":"","sample":"full","aggregate":"weighted_scale","num_rounds":2,"proportion":1.0,"learning_rate_decay":0.998,"lr_scheduler":-1,"early_stop":-1,"num_epochs":5,"num_steps":-1,"learning_rate":0.1,"batch_size":2.0,"optimizer":"SGD","momentum":0,"weight_decay":0,"seed":0,"gpu":[1],"server_with_cpu":false,"eval_interval":1,"cross_validation":false,"train_on_all":false,"num_threads":1,"num_workers":0,"test_batch_size":1,"network_config":"ideal","computing_config":"ideal","due_active":0,"due_response":100,"algo_para":null,"logger":"seg_logger","log_level":"INFO","log_file":false,"no_log_console":false,"no_overwrite":false,"weight_contrastive":1,"num_clusters":-1,"labeledclients":[0,1,2],"aggregate_labeled":"proto_sim"}}