{"test_accuracy_dist":[0.8524166932228074,0.9096093944256247,0.9274784337892489,0.961652483239763],"test_accuracy":[0.31971055187210323,0.11197095448069082,0.8912779073131036,0.8911296750270405,0.891222583877071,0.8912215281919794],"test_sensitivity_dist":[0.0,0.0,0.0,0.0],"test_sensitivity":[0.731300969932892,0.99993349821118,0.0,0.0,0.0,0.0],"test_specificity_dist":[0.9999999999756848,0.9999999999779521,0.9999999999781766,0.9999999999791873],"test_specificity":[0.26936569322039033,0.0037696336871782415,0.9999999999770699,0.9999999999770633,0.999999999977065,0.999999999977065],"test_jaccard_similarity_dist":[0.0,0.0,0.0,0.0],"test_jaccard_similarity":[0.10064143469370798,0.10906310705179091,0.0,0.0,0.0,0.0],"test_Dice_dist":[0.0,0.0,0.0,0.0],"test_Dice":[0.1696534829861717,0.1799261797597124,0.0,0.0,0.0,0.0],"test_AUC_dist":[0.9370117551792048,0.936268470611597,0.8922068276226255,0.891625997250757],"test_AUC":[0.5045316600600308,0.37560606572548827,0.840760507756518,0.8972496383317121,0.9292267246724996,0.9249581396591633],"test_HD95_dist":[-1,-1,-1,-1],"test_HD95":[163.62946752294553,164.04415511032008,-1.0,-1.0,-1.0,-1.0],"test_loss_dist":[1.2820564764738083,0.7679287614982303,0.6843486046418548,0.3340169521048665],"test_loss":[0.6951267640549886,1.3149673343145207,0.8505243323483839,0.9825077150556166,0.8189211156443321,0.9496473512253485],"train_accuracy_dist":[0.8543630705460195,0.914100916158708,0.9302327236512851,0.9583490929255598],"train_accuracy":[0.3184598573506228,0.10970131056163747,0.8935374522651133,0.8936044925732345,0.8936097126049919,0.8935500141869263],"train_sensitivity_dist":[0.0,0.0,0.0,0.0],"train_sensitivity":[0.7316867692775375,0.999867069988254,0.0,0.0,0.0,0.0],"train_specificity_dist":[0.9999999999759022,0.9999999999780113,0.9999999999782313,0.9999999999791344],"train_specificity":[0.269137591583215,0.0037640750486208022,0.9999999999771827,0.999999999977193,0.9999999999771914,0.9999999999771857],"train_jaccard_similarity_dist":[0.0,0.0,0.0,0.0],"train_jaccard_similarity":[0.0989581063296664,0.10677514703166847,0.0,0.0,0.0,0.0],"train_Dice_dist":[0.0,0.0,0.0,0.0],"train_Dice":[0.16816167412452396,0.17786231154320425,0.0,0.0,0.0,0.0],"train_AUC_dist":[0.9408340101143294,0.9549727375743243,0.9218315743569921,0.8839246936244437],"train_AUC":[0.5047044601333844,0.3741941427800679,0.8404288864644135,0.9021686651738621,0.9310823966328908,0.936392567320281],"train_HD95_dist":[-1,-1,-1,-1],"train_HD95":[162.90763657495586,163.18340374140004,-1.0,-1.0,-1.0,-1.0],"train_loss_dist":[1.2559131778483945,0.7121106614532802,0.6052998489651241,0.3606030526401026],"train_loss":[0.6951375863351206,1.319251284421775,0.826922411500865,0.9586285716254243,0.7859305706128216,0.9107347913992796],"valid_accuracy_dist":[0.8749930245361328,0.908920926190484,0.9364662702888016,0.9477533817614552],"valid_accuracy":[0.3145152689226445,0.10150953083711071,0.9016688734511107,0.9016357782707284,0.9017040735074643,0.9016691801325675],"mean_valid_accuracy":[0.30910045414329235,0.08595118857033737,0.9170842970782037,0.9171235742668473,0.9170866793311547,0.9170334006942185],"std_valid_accuracy":[0.010153293073944674,0.02845839410562638,0.028178978850191116,0.02832534836072076,0.02812333932878126,0.028082731026106297],"valid_sensitivity_dist":[0.0,0.0,0.0,0.0],"valid_sensitivity":[0.7322135887704834,0.9999273374206333,0.0,0.0,0.0,0.0],"mean_valid_sensitivity":[0.7312968653764459,0.9999467155579784,0.0,0.0,0.0,0.0],"std_valid_sensitivity":[0.003190950372830599,3.834487807429052e-5,0.0,0.0,0.0,0.0],"valid_specificity_dist":[0.9999999999768063,0.9999999999779494,0.9999999999783638,0.9999999999788054],"valid_specificity":[0.2689688671170951,0.0037109458678801764,0.999999999977576,0.999999999977576,0.9999999999775783,0.9999999999775754],"mean_valid_specificity":[0.2708627837917439,0.0034973275934223696,0.9999999999779832,0.9999999999779869,0.9999999999779857,0.9999999999779812],"std_valid_specificity":[0.0043198687422819435,0.0003996354576360073,7.450302181446374e-13,7.521829346030997e-13,7.453297181228057e-13,7.427948204123421e-13],"valid_jaccard_similarity_dist":[0.0,0.0,0.0,0.0],"valid_jaccard_similarity":[0.0920072719242078,0.09854689101869789,0.0,0.0,0.0,0.0],"mean_valid_jaccard_similarity":[0.07773470827093944,0.08306235004770518,0.0,0.0,0.0,0.0],"std_valid_jaccard_similarity":[0.026153529379418394,0.02832011643445988,0.0,0.0,0.0,0.0],"valid_Dice_dist":[0.0,0.0,0.0,0.0],"valid_Dice":[0.15847351571206097,0.16707602006285788,0.0,0.0,0.0,0.0],"mean_valid_Dice":[0.13466423845720618,0.14171242196842326,0.0,0.0,0.0,0.0],"std_valid_Dice":[0.043893064617516346,0.04665919328675898,0.0,0.0,0.0,0.0],"valid_AUC_dist":[0.9461007975858187,0.9586551971354336,0.9276298011723433,0.816689689765391],"valid_AUC":[0.5046988230265745,0.37713365642409885,0.8344858819083146,0.8968867972468201,0.9277943472247175,0.9348210302375835],"mean_valid_AUC":[0.5057317145750269,0.38481685737422516,0.8200521517814333,0.8773984381853556,0.9086459045478521,0.9122688714147467],"std_valid_AUC":[0.002279733494215829,0.01901921623863354,0.030956526445628643,0.047497686942595256,0.0447141758814623,0.05627528003059795],"valid_HD95_dist":[-1,-1,-1,-1],"valid_HD95":[164.00740570634437,165.4200983794022,-1.0,-1.0,-1.0,-1.0],"mean_valid_HD95":[168.9722724482413,170.6407220755443,-1.0,-1.0,-1.0,-1.0],"std_valid_HD95":[9.197592678534415,9.65664411021234,0.0,0.0,0.0,0.0],"valid_loss_dist":[1.0255502678081394,0.7393934372507158,0.5772884687114703,0.47624210275611595],"valid_loss":[0.6951808141411889,1.326459758078734,0.7637854575753644,0.8784083949964183,0.7230521870605308,0.8185169688855931],"mean_valid_loss":[0.6952611479384309,1.3218052313534014,0.644183113932002,0.7560092701455513,0.6156512085046913,0.7046185691316104],"std_valid_loss":[0.00014684406141004153,0.026178120928821966,0.2186921895926924,0.2232512952940732,0.19561652129169993,0.20771086366344918],"meta":{"task":"polyp_segmentation_cnum4_dist0_skew0_seed0","algorithm":"fedsemi","model":"unet34","pretrain":"","sample":"full","aggregate":"weighted_scale","num_rounds":5,"proportion":1.0,"learning_rate_decay":0.998,"lr_scheduler":-1,"early_stop":-1,"num_epochs":5,"num_steps":-1,"learning_rate":0.001,"batch_size":8.0,"optimizer":"Adam","momentum":0,"weight_decay":0,"seed":0,"gpu":[1],"server_with_cpu":false,"eval_interval":1,"cross_validation":false,"train_on_all":false,"num_threads":1,"num_workers":0,"test_batch_size":1,"network_config":"ideal","computing_config":"ideal","due_active":0,"due_response":100,"algo_para":null,"logger":"seg_logger","log_level":"INFO","log_file":false,"no_log_console":false,"no_overwrite":false,"weight_contrastive":1,"num_clusters":-1,"labeledclients":[1,2,3],"aggregate_labeled":"proto_sim"}}