{"test_accuracy_dist":[0.9512797951022144,0.9722722358566808,0.9665828913609724,0.9813665895850339],"test_accuracy":[0.962499441798418],"test_sensitivity_dist":[0.8573547411529586,0.8172236841063435,0.7411934804700481,0.5975553177856653],"test_sensitivity":[0.8027058131588864],"test_specificity_dist":[0.9774630994724463,0.9895163163589124,0.988464618169135,0.9895667817776929],"test_specificity":[0.9838271656230312],"test_jaccard_similarity_dist":[0.7292235471398645,0.716600994225428,0.5919948964731191,0.45881958285104113],"test_jaccard_similarity":[0.6776555413708888],"test_Dice_dist":[0.8180239998357449,0.8084140498596898,0.6909978078878128,0.5439042430449331],"test_Dice":[0.7687382830962004],"test_AUC_dist":[0.9863389708692647,0.9865550007283058,0.9718620502636602,0.9136804802080691],"test_AUC":[0.977382332513938],"test_HD95_dist":[32.97407237605497,30.355828819689588,36.07890986691813,45.788014049973825],"test_HD95":[33.92821250653969],"test_loss_dist":[0.13172705083619804,0.07742788357190727,0.08922661287023832,0.06835253592580556],"test_loss":[0.10349225747840216],"train_accuracy_dist":[0.9622980252177017,0.9738004001421171,0.9715735947615947,0.9752766611696736],"train_accuracy":[0.9682865236447071],"train_sensitivity_dist":[0.8742733135375308,0.8296789689613896,0.7548360634847168,0.6361173295626058],"train_sensitivity":[0.8197442098163018],"train_specificity_dist":[0.9841572974167045,0.9894184061279577,0.9883594011743937,0.9829321678001575],"train_specificity":[0.9862485262674523],"train_jaccard_similarity_dist":[0.7793425872493553,0.7197560921713292,0.6370995477775326,0.4629034743096334],"train_jaccard_similarity":[0.7096549145742137],"train_Dice_dist":[0.8626950644693776,0.8110112303063193,0.730504605913221,0.5523065351392477],"train_Dice":[0.7975046193250573],"train_AUC_dist":[0.9903948068603755,0.987853327460623,0.9696566626304354,0.9518170052724199],"train_AUC":[0.9826291253673591],"train_HD95_dist":[28.640663583879192,27.321083300350963,29.926233348546333,48.146271704504436],"train_HD95":[30.240565287717885],"train_loss_dist":[0.1000574696689312,0.07238304033596939,0.07595600138061252,0.07332206306720737],"train_loss":[0.0857410770996062],"valid_accuracy_dist":[0.9651990991516822,0.9707485388941692,0.9684326958386477,0.981414893240376],"valid_accuracy":[0.9687633452122103],"mean_valid_accuracy":[0.9714488067812187],"std_valid_accuracy":[0.006082125966666888],"valid_sensitivity_dist":[0.8703559203835093,0.8238423417475121,0.7611857149054703,0.5723763859878831],"valid_sensitivity":[0.8117208566829437],"mean_valid_sensitivity":[0.7569400907560937],"std_valid_sensitivity":[0.1133808273474606],"valid_specificity_dist":[0.9804777116487783,0.9875506337977827,0.9904034267802669,0.992048956051553],"valid_specificity":[0.9852149496552642],"mean_valid_specificity":[0.9876201820695952],"std_valid_specificity":[0.004426629947745377],"valid_jaccard_similarity_dist":[0.760349669925615,0.7174226874673979,0.6415558156683553,0.45368015656801014],"valid_jaccard_similarity":[0.7002676078390442],"mean_valid_jaccard_similarity":[0.6432520824073445],"std_valid_jaccard_similarity":[0.11742392861429195],"valid_Dice_dist":[0.8427222157861455,0.8187000851788632,0.7434969114720593,0.5331365644865226],"valid_Dice":[0.7910640596297038],"mean_valid_Dice":[0.7345139442308977],"std_valid_Dice":[0.1218912211090805],"valid_AUC_dist":[0.9888515261287307,0.9881139527022383,0.9774675543318413,0.9123197192377698],"valid_AUC":[0.9798190797090226],"mean_valid_AUC":[0.966688188100145],"std_valid_AUC":[0.03171120497611912],"valid_HD95_dist":[31.677349679700104,30.779319839246295,29.43852331683536,27.820368495163184],"valid_HD95":[30.692182464469656],"mean_valid_HD95":[29.928890332736234],"std_valid_HD95":[1.454876677190736],"valid_loss_dist":[0.09009635199792683,0.08006600959257024,0.09191355810157563,0.05267494882604009],"valid_loss":[0.08425942060637194],"mean_valid_loss":[0.0786877171295282],"std_valid_loss":[0.015681546670393866],"meta":{"task":"polyp_segmentation_cnum4_dist0_skew0_seed0","algorithm":"fedsemi","model":"unet34","pretrain":"","sample":"full","aggregate":"weighted_scale","num_rounds":2,"proportion":1.0,"learning_rate_decay":0.998,"lr_scheduler":-1,"early_stop":-1,"num_epochs":5,"num_steps":-1,"learning_rate":0.1,"batch_size":4.0,"optimizer":"SGD","momentum":0,"weight_decay":0,"seed":0,"gpu":[7],"server_with_cpu":false,"eval_interval":1,"cross_validation":false,"train_on_all":false,"num_threads":1,"num_workers":0,"test_batch_size":1,"network_config":"ideal","computing_config":"ideal","due_active":0,"due_response":100,"algo_para":null,"logger":"seg_logger","log_level":"INFO","log_file":false,"no_log_console":false,"no_overwrite":false,"weight_contrastive":1,"num_clusters":-1}}